Scenario,Nodes,Operations,Weights,DSU Time,Recalculation Time
Scenario 1,10,10,"(1, 1, 1, 1)",0.0000,0.0001
Scenario 2,10,10,"(5, 1, 1, 1)",0.0000,0.0003
Scenario 3,10,10,"(1, 5, 1, 1)",0.0000,0.0002
Scenario 4,10,10,"(1, 1, 5, 1)",0.0000,0.0002
Scenario 5,10,10,"(1, 1, 1, 5)",0.0000,0.0001
Scenario 1,10,50,"(1, 1, 1, 1)",0.0001,0.0034
Scenario 2,10,50,"(5, 1, 1, 1)",0.0001,0.0013
Scenario 3,10,50,"(1, 5, 1, 1)",0.0000,0.0006
Scenario 4,10,50,"(1, 1, 5, 1)",0.0001,0.0009
Scenario 5,10,50,"(1, 1, 1, 5)",0.0001,0.0007
Scenario 1,10,100,"(1, 1, 1, 1)",0.0001,0.0013
Scenario 2,10,100,"(5, 1, 1, 1)",0.0003,0.0025
Scenario 3,10,100,"(1, 5, 1, 1)",0.0003,0.0054
Scenario 4,10,100,"(1, 1, 5, 1)",0.0001,0.0017
Scenario 5,10,100,"(1, 1, 1, 5)",0.0002,0.0021
Scenario 1,10,200,"(1, 1, 1, 1)",0.0004,0.0365
Scenario 2,10,200,"(5, 1, 1, 1)",0.0004,0.0075
Scenario 3,10,200,"(1, 5, 1, 1)",0.0002,0.0050
Scenario 4,10,200,"(1, 1, 5, 1)",0.0003,0.0110
Scenario 5,10,200,"(1, 1, 1, 5)",0.0004,0.0060
Scenario 1,10,300,"(1, 1, 1, 1)",0.0007,0.0146
Scenario 2,10,300,"(5, 1, 1, 1)",0.0005,0.0152
Scenario 3,10,300,"(1, 5, 1, 1)",0.0004,0.0087
Scenario 4,10,300,"(1, 1, 5, 1)",0.0004,0.0052
Scenario 5,10,300,"(1, 1, 1, 5)",0.0030,0.0109
Scenario 1,10,400,"(1, 1, 1, 1)",0.0007,0.0143
Scenario 2,10,400,"(5, 1, 1, 1)",0.0010,0.0262
Scenario 3,10,400,"(1, 5, 1, 1)",0.0007,0.0142
Scenario 4,10,400,"(1, 1, 5, 1)",0.0009,0.0121
Scenario 5,10,400,"(1, 1, 1, 5)",0.0005,0.0052
Scenario 1,10,500,"(1, 1, 1, 1)",0.0005,0.0090
Scenario 2,10,500,"(5, 1, 1, 1)",0.0004,0.0102
Scenario 3,10,500,"(1, 5, 1, 1)",0.0004,0.0056
Scenario 4,10,500,"(1, 1, 5, 1)",0.0004,0.0065
Scenario 5,10,500,"(1, 1, 1, 5)",0.0006,0.0061
Scenario 1,10,600,"(1, 1, 1, 1)",0.0005,0.0097
Scenario 2,10,600,"(5, 1, 1, 1)",0.0004,0.0123
Scenario 3,10,600,"(1, 5, 1, 1)",0.0004,0.0070
Scenario 4,10,600,"(1, 1, 5, 1)",0.0004,0.0082
Scenario 5,10,600,"(1, 1, 1, 5)",0.0007,0.0078
Scenario 1,10,700,"(1, 1, 1, 1)",0.0008,0.0135
Scenario 2,10,700,"(5, 1, 1, 1)",0.0007,0.0164
Scenario 3,10,700,"(1, 5, 1, 1)",0.0008,0.0142
Scenario 4,10,700,"(1, 1, 5, 1)",0.0009,0.0153
Scenario 5,10,700,"(1, 1, 1, 5)",0.0008,0.0097
Scenario 1,10,800,"(1, 1, 1, 1)",0.0007,0.0131
Scenario 2,10,800,"(5, 1, 1, 1)",0.0006,0.0166
Scenario 3,10,800,"(1, 5, 1, 1)",0.0005,0.0089
Scenario 4,10,800,"(1, 1, 5, 1)",0.0007,0.0124
Scenario 5,10,800,"(1, 1, 1, 5)",0.0010,0.0124
Scenario 1,10,900,"(1, 1, 1, 1)",0.0008,0.0157
Scenario 2,10,900,"(5, 1, 1, 1)",0.0008,0.0196
Scenario 3,10,900,"(1, 5, 1, 1)",0.0007,0.0115
Scenario 4,10,900,"(1, 1, 5, 1)",0.0006,0.0131
Scenario 5,10,900,"(1, 1, 1, 5)",0.0010,0.0124
Scenario 1,10,1000,"(1, 1, 1, 1)",0.0009,0.0167
Scenario 2,10,1000,"(5, 1, 1, 1)",0.0007,0.0198
Scenario 3,10,1000,"(1, 5, 1, 1)",0.0006,0.0118
Scenario 4,10,1000,"(1, 1, 5, 1)",0.0007,0.0155
Scenario 5,10,1000,"(1, 1, 1, 5)",0.0012,0.0161
Scenario 1,10,2000,"(1, 1, 1, 1)",0.0022,0.0452
Scenario 2,10,2000,"(5, 1, 1, 1)",0.0017,0.0485
Scenario 3,10,2000,"(1, 5, 1, 1)",0.0014,0.0267
Scenario 4,10,2000,"(1, 1, 5, 1)",0.0016,0.0407
Scenario 5,10,2000,"(1, 1, 1, 5)",0.0026,0.0397
Scenario 1,10,3000,"(1, 1, 1, 1)",0.0027,0.0604
Scenario 2,10,3000,"(5, 1, 1, 1)",0.0020,0.0639
Scenario 3,10,3000,"(1, 5, 1, 1)",0.0024,0.0411
Scenario 4,10,3000,"(1, 1, 5, 1)",0.0023,0.0624
Scenario 5,10,3000,"(1, 1, 1, 5)",0.0034,0.0541
Scenario 1,10,4000,"(1, 1, 1, 1)",0.0040,0.0814
Scenario 2,10,4000,"(5, 1, 1, 1)",0.0026,0.0809
Scenario 3,10,4000,"(1, 5, 1, 1)",0.0035,0.0570
Scenario 4,10,4000,"(1, 1, 5, 1)",0.0031,0.0865
Scenario 5,10,4000,"(1, 1, 1, 5)",0.0048,0.0790
Scenario 1,10,5000,"(1, 1, 1, 1)",0.0044,0.0997
Scenario 2,10,5000,"(5, 1, 1, 1)",0.0036,0.1055
Scenario 3,10,5000,"(1, 5, 1, 1)",0.0039,0.0688
Scenario 4,10,5000,"(1, 1, 5, 1)",0.0044,0.1174
Scenario 5,10,5000,"(1, 1, 1, 5)",0.0061,0.0950
Scenario 1,50,10,"(1, 1, 1, 1)",0.0000,0.0007
Scenario 2,50,10,"(5, 1, 1, 1)",0.0000,0.0006
Scenario 3,50,10,"(1, 5, 1, 1)",0.0000,0.0005
Scenario 4,50,10,"(1, 1, 5, 1)",0.0000,0.0004
Scenario 5,50,10,"(1, 1, 1, 5)",0.0000,0.0004
Scenario 1,50,50,"(1, 1, 1, 1)",0.0001,0.0044
Scenario 2,50,50,"(5, 1, 1, 1)",0.0001,0.0044
Scenario 3,50,50,"(1, 5, 1, 1)",0.0001,0.0042
Scenario 4,50,50,"(1, 1, 5, 1)",0.0001,0.0066
Scenario 5,50,50,"(1, 1, 1, 5)",0.0001,0.0043
Scenario 1,50,100,"(1, 1, 1, 1)",0.0002,0.0067
Scenario 2,50,100,"(5, 1, 1, 1)",0.0002,0.0059
Scenario 3,50,100,"(1, 5, 1, 1)",0.0001,0.0065
Scenario 4,50,100,"(1, 1, 5, 1)",0.0001,0.0044
Scenario 5,50,100,"(1, 1, 1, 5)",0.0001,0.0045
Scenario 1,50,200,"(1, 1, 1, 1)",0.0005,0.0128
Scenario 2,50,200,"(5, 1, 1, 1)",0.0005,0.0142
Scenario 3,50,200,"(1, 5, 1, 1)",0.0002,0.0111
Scenario 4,50,200,"(1, 1, 5, 1)",0.0002,0.0098
Scenario 5,50,200,"(1, 1, 1, 5)",0.0004,0.0096
Scenario 1,50,300,"(1, 1, 1, 1)",0.0005,0.0200
Scenario 2,50,300,"(5, 1, 1, 1)",0.0007,0.0227
Scenario 3,50,300,"(1, 5, 1, 1)",0.0003,0.0129
Scenario 4,50,300,"(1, 1, 5, 1)",0.0003,0.0132
Scenario 5,50,300,"(1, 1, 1, 5)",0.0004,0.0142
Scenario 1,50,400,"(1, 1, 1, 1)",0.0005,0.0212
Scenario 2,50,400,"(5, 1, 1, 1)",0.0008,0.0280
Scenario 3,50,400,"(1, 5, 1, 1)",0.0004,0.0184
Scenario 4,50,400,"(1, 1, 5, 1)",0.0007,0.0263
Scenario 5,50,400,"(1, 1, 1, 5)",0.0007,0.0251
Scenario 1,50,500,"(1, 1, 1, 1)",0.0008,0.0300
Scenario 2,50,500,"(5, 1, 1, 1)",0.0010,0.0457
Scenario 3,50,500,"(1, 5, 1, 1)",0.0004,0.0226
Scenario 4,50,500,"(1, 1, 5, 1)",0.0006,0.0298
Scenario 5,50,500,"(1, 1, 1, 5)",0.0010,0.0290
Scenario 1,50,600,"(1, 1, 1, 1)",0.0009,0.0374
Scenario 2,50,600,"(5, 1, 1, 1)",0.0016,0.1346
Scenario 3,50,600,"(1, 5, 1, 1)",0.0013,0.1609
Scenario 4,50,600,"(1, 1, 5, 1)",0.0014,0.1096
Scenario 5,50,600,"(1, 1, 1, 5)",0.0021,0.1362
Scenario 1,50,700,"(1, 1, 1, 1)",0.0062,0.1380
Scenario 2,50,700,"(5, 1, 1, 1)",0.0025,0.1035
Scenario 3,50,700,"(1, 5, 1, 1)",0.0009,0.0368
Scenario 4,50,700,"(1, 1, 5, 1)",0.0007,0.0351
Scenario 5,50,700,"(1, 1, 1, 5)",0.0015,0.0447
Scenario 1,50,800,"(1, 1, 1, 1)",0.0019,0.0718
Scenario 2,50,800,"(5, 1, 1, 1)",0.0017,0.0948
Scenario 3,50,800,"(1, 5, 1, 1)",0.0014,0.0514
Scenario 4,50,800,"(1, 1, 5, 1)",0.0009,0.0436
Scenario 5,50,800,"(1, 1, 1, 5)",0.0013,0.0425
Scenario 1,50,900,"(1, 1, 1, 1)",0.0016,0.0698
Scenario 2,50,900,"(5, 1, 1, 1)",0.0019,0.1158
Scenario 3,50,900,"(1, 5, 1, 1)",0.0008,0.0408
Scenario 4,50,900,"(1, 1, 5, 1)",0.0010,0.0489
Scenario 5,50,900,"(1, 1, 1, 5)",0.0019,0.0593
Scenario 1,50,1000,"(1, 1, 1, 1)",0.0015,0.0733
Scenario 2,50,1000,"(5, 1, 1, 1)",0.0023,0.1375
Scenario 3,50,1000,"(1, 5, 1, 1)",0.0009,0.0506
Scenario 4,50,1000,"(1, 1, 5, 1)",0.0008,0.0463
Scenario 5,50,1000,"(1, 1, 1, 5)",0.0014,0.0506
Scenario 1,50,2000,"(1, 1, 1, 1)",0.0030,0.2106
Scenario 2,50,2000,"(5, 1, 1, 1)",0.0048,0.4616
Scenario 3,50,2000,"(1, 5, 1, 1)",0.0023,0.1352
Scenario 4,50,2000,"(1, 1, 5, 1)",0.0021,0.1411
Scenario 5,50,2000,"(1, 1, 1, 5)",0.0032,0.1387
Scenario 1,50,3000,"(1, 1, 1, 1)",0.0050,0.4581
Scenario 2,50,3000,"(5, 1, 1, 1)",0.0053,0.7205
Scenario 3,50,3000,"(1, 5, 1, 1)",0.0024,0.2001
Scenario 4,50,3000,"(1, 1, 5, 1)",0.0032,0.2714
Scenario 5,50,3000,"(1, 1, 1, 5)",0.0049,0.2532
Scenario 1,50,4000,"(1, 1, 1, 1)",0.0051,0.5850
Scenario 2,50,4000,"(5, 1, 1, 1)",0.0075,1.1610
Scenario 3,50,4000,"(1, 5, 1, 1)",0.0044,0.3689
Scenario 4,50,4000,"(1, 1, 5, 1)",0.0030,0.3453
Scenario 5,50,4000,"(1, 1, 1, 5)",0.0052,0.3687
Scenario 1,50,5000,"(1, 1, 1, 1)",0.0079,0.9215
Scenario 2,50,5000,"(5, 1, 1, 1)",0.0105,1.7138
Scenario 3,50,5000,"(1, 5, 1, 1)",0.0056,0.5006
Scenario 4,50,5000,"(1, 1, 5, 1)",0.0048,0.5354
Scenario 5,50,5000,"(1, 1, 1, 5)",0.0071,0.5470
Scenario 1,100,10,"(1, 1, 1, 1)",0.0000,0.0007
Scenario 2,100,10,"(5, 1, 1, 1)",0.0000,0.0008
Scenario 3,100,10,"(1, 5, 1, 1)",0.0000,0.0009
Scenario 4,100,10,"(1, 1, 5, 1)",0.0000,0.0008
Scenario 5,100,10,"(1, 1, 1, 5)",0.0000,0.0008
Scenario 1,100,50,"(1, 1, 1, 1)",0.0000,0.0039
Scenario 2,100,50,"(5, 1, 1, 1)",0.0001,0.0049
Scenario 3,100,50,"(1, 5, 1, 1)",0.0000,0.0036
Scenario 4,100,50,"(1, 1, 5, 1)",0.0000,0.0036
Scenario 5,100,50,"(1, 1, 1, 5)",0.0000,0.0035
Scenario 1,100,100,"(1, 1, 1, 1)",0.0001,0.0083
Scenario 2,100,100,"(5, 1, 1, 1)",0.0001,0.0079
Scenario 3,100,100,"(1, 5, 1, 1)",0.0001,0.0070
Scenario 4,100,100,"(1, 1, 5, 1)",0.0001,0.0073
Scenario 5,100,100,"(1, 1, 1, 5)",0.0001,0.0072
Scenario 1,100,200,"(1, 1, 1, 1)",0.0002,0.0146
Scenario 2,100,200,"(5, 1, 1, 1)",0.0003,0.0155
Scenario 3,100,200,"(1, 5, 1, 1)",0.0002,0.0144
Scenario 4,100,200,"(1, 1, 5, 1)",0.0001,0.0147
Scenario 5,100,200,"(1, 1, 1, 5)",0.0002,0.0148
Scenario 1,100,300,"(1, 1, 1, 1)",0.0003,0.0224
Scenario 2,100,300,"(5, 1, 1, 1)",0.0004,0.0245
Scenario 3,100,300,"(1, 5, 1, 1)",0.0002,0.0243
Scenario 4,100,300,"(1, 1, 5, 1)",0.0003,0.0236
Scenario 5,100,300,"(1, 1, 1, 5)",0.0003,0.0236
Scenario 1,100,400,"(1, 1, 1, 1)",0.0005,0.0315
Scenario 2,100,400,"(5, 1, 1, 1)",0.0006,0.0354
Scenario 3,100,400,"(1, 5, 1, 1)",0.0003,0.0291
Scenario 4,100,400,"(1, 1, 5, 1)",0.0003,0.0293
Scenario 5,100,400,"(1, 1, 1, 5)",0.0004,0.0298
Scenario 1,100,500,"(1, 1, 1, 1)",0.0006,0.0411
Scenario 2,100,500,"(5, 1, 1, 1)",0.0009,0.0519
Scenario 3,100,500,"(1, 5, 1, 1)",0.0004,0.0381
Scenario 4,100,500,"(1, 1, 5, 1)",0.0007,0.0567
Scenario 5,100,500,"(1, 1, 1, 5)",0.0018,0.0787
Scenario 1,100,600,"(1, 1, 1, 1)",0.0016,0.0956
Scenario 2,100,600,"(5, 1, 1, 1)",0.0028,0.1357
Scenario 3,100,600,"(1, 5, 1, 1)",0.0006,0.0559
Scenario 4,100,600,"(1, 1, 5, 1)",0.0004,0.0425
Scenario 5,100,600,"(1, 1, 1, 5)",0.0006,0.0429
Scenario 1,100,700,"(1, 1, 1, 1)",0.0007,0.0524
Scenario 2,100,700,"(5, 1, 1, 1)",0.0013,0.0906
Scenario 3,100,700,"(1, 5, 1, 1)",0.0006,0.0516
Scenario 4,100,700,"(1, 1, 5, 1)",0.0006,0.0560
Scenario 5,100,700,"(1, 1, 1, 5)",0.0009,0.0548
Scenario 1,100,800,"(1, 1, 1, 1)",0.0009,0.0686
Scenario 2,100,800,"(5, 1, 1, 1)",0.0013,0.0995
Scenario 3,100,800,"(1, 5, 1, 1)",0.0007,0.0635
Scenario 4,100,800,"(1, 1, 5, 1)",0.0007,0.0592
Scenario 5,100,800,"(1, 1, 1, 5)",0.0008,0.0573
Scenario 1,100,900,"(1, 1, 1, 1)",0.0015,0.0906
Scenario 2,100,900,"(5, 1, 1, 1)",0.0017,0.1321
Scenario 3,100,900,"(1, 5, 1, 1)",0.0007,0.0713
Scenario 4,100,900,"(1, 1, 5, 1)",0.0010,0.0780
Scenario 5,100,900,"(1, 1, 1, 5)",0.0012,0.0709
Scenario 1,100,1000,"(1, 1, 1, 1)",0.0015,0.1018
Scenario 2,100,1000,"(5, 1, 1, 1)",0.0031,0.2224
Scenario 3,100,1000,"(1, 5, 1, 1)",0.0009,0.0824
Scenario 4,100,1000,"(1, 1, 5, 1)",0.0011,0.0813
Scenario 5,100,1000,"(1, 1, 1, 5)",0.0018,0.0914
Scenario 1,100,2000,"(1, 1, 1, 1)",0.0039,0.3448
Scenario 2,100,2000,"(5, 1, 1, 1)",0.0050,0.6017
Scenario 3,100,2000,"(1, 5, 1, 1)",0.0021,0.2264
Scenario 4,100,2000,"(1, 1, 5, 1)",0.0021,0.1932
Scenario 5,100,2000,"(1, 1, 1, 5)",0.0028,0.1844
Scenario 1,100,3000,"(1, 1, 1, 1)",0.0047,0.5267
Scenario 2,100,3000,"(5, 1, 1, 1)",0.0101,1.3021
Scenario 3,100,3000,"(1, 5, 1, 1)",0.0039,0.3889
Scenario 4,100,3000,"(1, 1, 5, 1)",0.0033,0.3541
Scenario 5,100,3000,"(1, 1, 1, 5)",0.0048,0.3386
Scenario 1,100,4000,"(1, 1, 1, 1)",0.0060,0.8339
Scenario 2,100,4000,"(5, 1, 1, 1)",0.0085,1.7869
Scenario 3,100,4000,"(1, 5, 1, 1)",0.0038,0.4959
Scenario 4,100,4000,"(1, 1, 5, 1)",0.0047,0.5769
Scenario 5,100,4000,"(1, 1, 1, 5)",0.0079,0.5782
Scenario 1,100,5000,"(1, 1, 1, 1)",0.0104,1.5321
Scenario 2,100,5000,"(5, 1, 1, 1)",0.0125,2.8287
Scenario 3,100,5000,"(1, 5, 1, 1)",0.0050,0.6784
Scenario 4,100,5000,"(1, 1, 5, 1)",0.0054,0.7440
Scenario 5,100,5000,"(1, 1, 1, 5)",0.0082,0.7308
Scenario 1,200,10,"(1, 1, 1, 1)",0.0000,0.0017
Scenario 2,200,10,"(5, 1, 1, 1)",0.0000,0.0021
Scenario 3,200,10,"(1, 5, 1, 1)",0.0000,0.0017
Scenario 4,200,10,"(1, 1, 5, 1)",0.0000,0.0016
Scenario 5,200,10,"(1, 1, 1, 5)",0.0000,0.0015
Scenario 1,200,50,"(1, 1, 1, 1)",0.0001,0.0078
Scenario 2,200,50,"(5, 1, 1, 1)",0.0001,0.0076
Scenario 3,200,50,"(1, 5, 1, 1)",0.0001,0.0072
Scenario 4,200,50,"(1, 1, 5, 1)",0.0000,0.0073
Scenario 5,200,50,"(1, 1, 1, 5)",0.0000,0.0073
Scenario 1,200,100,"(1, 1, 1, 1)",0.0002,0.0155
Scenario 2,200,100,"(5, 1, 1, 1)",0.0001,0.0148
Scenario 3,200,100,"(1, 5, 1, 1)",0.0001,0.0152
Scenario 4,200,100,"(1, 1, 5, 1)",0.0002,0.0157
Scenario 5,200,100,"(1, 1, 1, 5)",0.0001,0.0145
Scenario 1,200,200,"(1, 1, 1, 1)",0.0002,0.0289
Scenario 2,200,200,"(5, 1, 1, 1)",0.0003,0.0292
Scenario 3,200,200,"(1, 5, 1, 1)",0.0001,0.0289
Scenario 4,200,200,"(1, 1, 5, 1)",0.0004,0.0363
Scenario 5,200,200,"(1, 1, 1, 5)",0.0003,0.0330
Scenario 1,200,300,"(1, 1, 1, 1)",0.0005,0.0476
Scenario 2,200,300,"(5, 1, 1, 1)",0.0007,0.0494
Scenario 3,200,300,"(1, 5, 1, 1)",0.0004,0.0476
Scenario 4,200,300,"(1, 1, 5, 1)",0.0004,0.0507
Scenario 5,200,300,"(1, 1, 1, 5)",0.0006,0.0506
Scenario 1,200,400,"(1, 1, 1, 1)",0.0007,0.0653
Scenario 2,200,400,"(5, 1, 1, 1)",0.0009,0.0689
Scenario 3,200,400,"(1, 5, 1, 1)",0.0004,0.0621
Scenario 4,200,400,"(1, 1, 5, 1)",0.0005,0.0624
Scenario 5,200,400,"(1, 1, 1, 5)",0.0006,0.0613
Scenario 1,200,500,"(1, 1, 1, 1)",0.0008,0.0820
Scenario 2,200,500,"(5, 1, 1, 1)",0.0012,0.0866
Scenario 3,200,500,"(1, 5, 1, 1)",0.0004,0.0732
Scenario 4,200,500,"(1, 1, 5, 1)",0.0005,0.0776
Scenario 5,200,500,"(1, 1, 1, 5)",0.0011,0.0958
Scenario 1,200,600,"(1, 1, 1, 1)",0.0025,0.1870
Scenario 2,200,600,"(5, 1, 1, 1)",0.0024,0.1591
Scenario 3,200,600,"(1, 5, 1, 1)",0.0008,0.0993
Scenario 4,200,600,"(1, 1, 5, 1)",0.0007,0.0926
Scenario 5,200,600,"(1, 1, 1, 5)",0.0007,0.0882
Scenario 1,200,700,"(1, 1, 1, 1)",0.0013,0.1197
Scenario 2,200,700,"(5, 1, 1, 1)",0.0015,0.1384
Scenario 3,200,700,"(1, 5, 1, 1)",0.0012,0.1504
Scenario 4,200,700,"(1, 1, 5, 1)",0.0007,0.1059
Scenario 5,200,700,"(1, 1, 1, 5)",0.0012,0.1138
Scenario 1,200,800,"(1, 1, 1, 1)",0.0012,0.1285
Scenario 2,200,800,"(5, 1, 1, 1)",0.0016,0.1605
Scenario 3,200,800,"(1, 5, 1, 1)",0.0006,0.1161
Scenario 4,200,800,"(1, 1, 5, 1)",0.0009,0.1269
Scenario 5,200,800,"(1, 1, 1, 5)",0.0012,0.1281
Scenario 1,200,900,"(1, 1, 1, 1)",0.0012,0.1400
Scenario 2,200,900,"(5, 1, 1, 1)",0.0019,0.1734
Scenario 3,200,900,"(1, 5, 1, 1)",0.0010,0.1403
Scenario 4,200,900,"(1, 1, 5, 1)",0.0009,0.1351
Scenario 5,200,900,"(1, 1, 1, 5)",0.0012,0.1341
Scenario 1,200,1000,"(1, 1, 1, 1)",0.0016,0.1654
Scenario 2,200,1000,"(5, 1, 1, 1)",0.0018,0.2029
Scenario 3,200,1000,"(1, 5, 1, 1)",0.0009,0.1515
Scenario 4,200,1000,"(1, 1, 5, 1)",0.0012,0.1604
Scenario 5,200,1000,"(1, 1, 1, 5)",0.0014,0.1507
Scenario 1,200,2000,"(1, 1, 1, 1)",0.0029,0.3823
Scenario 2,200,2000,"(5, 1, 1, 1)",0.0052,0.7478
Scenario 3,200,2000,"(1, 5, 1, 1)",0.0023,0.3225
Scenario 4,200,2000,"(1, 1, 5, 1)",0.0029,0.3853
Scenario 5,200,2000,"(1, 1, 1, 5)",0.0035,0.3202
Scenario 1,200,3000,"(1, 1, 1, 1)",0.0094,0.9801
Scenario 2,200,3000,"(5, 1, 1, 1)",0.0109,1.8719
Scenario 3,200,3000,"(1, 5, 1, 1)",0.0051,0.6466
Scenario 4,200,3000,"(1, 1, 5, 1)",0.0037,0.5150
Scenario 5,200,3000,"(1, 1, 1, 5)",0.0048,0.5171
Scenario 1,200,4000,"(1, 1, 1, 1)",0.0063,1.0285
Scenario 2,200,4000,"(5, 1, 1, 1)",0.0087,2.0811
Scenario 3,200,4000,"(1, 5, 1, 1)",0.0033,0.6868
Scenario 4,200,4000,"(1, 1, 5, 1)",0.0032,0.6578
Scenario 5,200,4000,"(1, 1, 1, 5)",0.0076,0.8180
Scenario 1,200,5000,"(1, 1, 1, 1)",0.0097,1.6896
Scenario 2,200,5000,"(5, 1, 1, 1)",0.0122,3.3920
Scenario 3,200,5000,"(1, 5, 1, 1)",0.0049,0.9305
Scenario 4,200,5000,"(1, 1, 5, 1)",0.0045,0.9621
Scenario 5,200,5000,"(1, 1, 1, 5)",0.0075,1.0007
Scenario 1,300,10,"(1, 1, 1, 1)",0.0000,0.0021
Scenario 2,300,10,"(5, 1, 1, 1)",0.0000,0.0025
Scenario 3,300,10,"(1, 5, 1, 1)",0.0000,0.0028
Scenario 4,300,10,"(1, 1, 5, 1)",0.0000,0.0022
Scenario 5,300,10,"(1, 1, 1, 5)",0.0000,0.0021
Scenario 1,300,50,"(1, 1, 1, 1)",0.0001,0.0112
Scenario 2,300,50,"(5, 1, 1, 1)",0.0001,0.0113
Scenario 3,300,50,"(1, 5, 1, 1)",0.0001,0.0111
Scenario 4,300,50,"(1, 1, 5, 1)",0.0001,0.0107
Scenario 5,300,50,"(1, 1, 1, 5)",0.0000,0.0102
Scenario 1,300,100,"(1, 1, 1, 1)",0.0002,0.0227
Scenario 2,300,100,"(5, 1, 1, 1)",0.0002,0.0226
Scenario 3,300,100,"(1, 5, 1, 1)",0.0001,0.0216
Scenario 4,300,100,"(1, 1, 5, 1)",0.0001,0.0232
Scenario 5,300,100,"(1, 1, 1, 5)",0.0001,0.0204
Scenario 1,300,200,"(1, 1, 1, 1)",0.0004,0.0520
Scenario 2,300,200,"(5, 1, 1, 1)",0.0006,0.0547
Scenario 3,300,200,"(1, 5, 1, 1)",0.0003,0.0527
Scenario 4,300,200,"(1, 1, 5, 1)",0.0003,0.0483
Scenario 5,300,200,"(1, 1, 1, 5)",0.0003,0.0483
Scenario 1,300,300,"(1, 1, 1, 1)",0.0006,0.0756
Scenario 2,300,300,"(5, 1, 1, 1)",0.0008,0.0749
Scenario 3,300,300,"(1, 5, 1, 1)",0.0005,0.0845
Scenario 4,300,300,"(1, 1, 5, 1)",0.0004,0.0729
Scenario 5,300,300,"(1, 1, 1, 5)",0.0004,0.0653
Scenario 1,300,400,"(1, 1, 1, 1)",0.0007,0.0977
Scenario 2,300,400,"(5, 1, 1, 1)",0.0009,0.0981
Scenario 3,300,400,"(1, 5, 1, 1)",0.0004,0.0894
Scenario 4,300,400,"(1, 1, 5, 1)",0.0007,0.0964
Scenario 5,300,400,"(1, 1, 1, 5)",0.0009,0.0990
Scenario 1,300,500,"(1, 1, 1, 1)",0.0010,0.1174
Scenario 2,300,500,"(5, 1, 1, 1)",0.0013,0.1274
Scenario 3,300,500,"(1, 5, 1, 1)",0.0007,0.1183
Scenario 4,300,500,"(1, 1, 5, 1)",0.0012,0.2145
Scenario 5,300,500,"(1, 1, 1, 5)",0.0015,0.1928
Scenario 1,300,600,"(1, 1, 1, 1)",0.0028,0.1592
Scenario 2,300,600,"(5, 1, 1, 1)",0.0026,0.2132
Scenario 3,300,600,"(1, 5, 1, 1)",0.0010,0.1633
Scenario 4,300,600,"(1, 1, 5, 1)",0.0010,0.1509
Scenario 5,300,600,"(1, 1, 1, 5)",0.0010,0.1405
Scenario 1,300,700,"(1, 1, 1, 1)",0.0018,0.1910
Scenario 2,300,700,"(5, 1, 1, 1)",0.0019,0.1875
Scenario 3,300,700,"(1, 5, 1, 1)",0.0013,0.2145
Scenario 4,300,700,"(1, 1, 5, 1)",0.0012,0.1973
Scenario 5,300,700,"(1, 1, 1, 5)",0.0018,0.2051
Scenario 1,300,800,"(1, 1, 1, 1)",0.0017,0.2058
Scenario 2,300,800,"(5, 1, 1, 1)",0.0036,0.2982
Scenario 3,300,800,"(1, 5, 1, 1)",0.0014,0.2611
Scenario 4,300,800,"(1, 1, 5, 1)",0.0009,0.1935
Scenario 5,300,800,"(1, 1, 1, 5)",0.0015,0.1936
Scenario 1,300,900,"(1, 1, 1, 1)",0.0018,0.2398
Scenario 2,300,900,"(5, 1, 1, 1)",0.0026,0.2627
Scenario 3,300,900,"(1, 5, 1, 1)",0.0011,0.2127
Scenario 4,300,900,"(1, 1, 5, 1)",0.0014,0.2325
Scenario 5,300,900,"(1, 1, 1, 5)",0.0014,0.2114
Scenario 1,300,1000,"(1, 1, 1, 1)",0.0021,0.2562
Scenario 2,300,1000,"(5, 1, 1, 1)",0.0026,0.2851
Scenario 3,300,1000,"(1, 5, 1, 1)",0.0011,0.2432
Scenario 4,300,1000,"(1, 1, 5, 1)",0.0011,0.2360
Scenario 5,300,1000,"(1, 1, 1, 5)",0.0022,0.2662
Scenario 1,300,2000,"(1, 1, 1, 1)",0.0057,0.6889
Scenario 2,300,2000,"(5, 1, 1, 1)",0.0073,0.9658
Scenario 3,300,2000,"(1, 5, 1, 1)",0.0030,0.5213
Scenario 4,300,2000,"(1, 1, 5, 1)",0.0040,0.6360
Scenario 5,300,2000,"(1, 1, 1, 5)",0.0054,0.5695
Scenario 1,300,3000,"(1, 1, 1, 1)",0.0067,0.9861
Scenario 2,300,3000,"(5, 1, 1, 1)",0.0086,1.6046
Scenario 3,300,3000,"(1, 5, 1, 1)",0.0034,0.7171
Scenario 4,300,3000,"(1, 1, 5, 1)",0.0042,0.8578
Scenario 5,300,3000,"(1, 1, 1, 5)",0.0042,0.6847
Scenario 1,300,4000,"(1, 1, 1, 1)",0.0059,1.2920
Scenario 2,300,4000,"(5, 1, 1, 1)",0.0153,2.9430
Scenario 3,300,4000,"(1, 5, 1, 1)",0.0050,1.0112
Scenario 4,300,4000,"(1, 1, 5, 1)",0.0051,1.0322
Scenario 5,300,4000,"(1, 1, 1, 5)",0.0065,0.9977
Scenario 1,300,5000,"(1, 1, 1, 1)",0.0085,1.8421
Scenario 2,300,5000,"(5, 1, 1, 1)",0.0153,4.0523
Scenario 3,300,5000,"(1, 5, 1, 1)",0.0063,1.3443
Scenario 4,300,5000,"(1, 1, 5, 1)",0.0052,1.2760
Scenario 5,300,5000,"(1, 1, 1, 5)",0.0097,1.3979
Scenario 1,400,10,"(1, 1, 1, 1)",0.0000,0.0031
Scenario 2,400,10,"(5, 1, 1, 1)",0.0000,0.0039
Scenario 3,400,10,"(1, 5, 1, 1)",0.0000,0.0034
Scenario 4,400,10,"(1, 1, 5, 1)",0.0000,0.0035
Scenario 5,400,10,"(1, 1, 1, 5)",0.0000,0.0032
Scenario 1,400,50,"(1, 1, 1, 1)",0.0002,0.0195
Scenario 2,400,50,"(5, 1, 1, 1)",0.0002,0.0265
Scenario 3,400,50,"(1, 5, 1, 1)",0.0001,0.0199
Scenario 4,400,50,"(1, 1, 5, 1)",0.0001,0.0197
Scenario 5,400,50,"(1, 1, 1, 5)",0.0001,0.0168
Scenario 1,400,100,"(1, 1, 1, 1)",0.0002,0.0380
Scenario 2,400,100,"(5, 1, 1, 1)",0.0003,0.0347
Scenario 3,400,100,"(1, 5, 1, 1)",0.0001,0.0360
Scenario 4,400,100,"(1, 1, 5, 1)",0.0002,0.0349
Scenario 5,400,100,"(1, 1, 1, 5)",0.0001,0.0350
Scenario 1,400,200,"(1, 1, 1, 1)",0.0004,0.0885
Scenario 2,400,200,"(5, 1, 1, 1)",0.0014,0.1486
Scenario 3,400,200,"(1, 5, 1, 1)",0.0006,0.1377
Scenario 4,400,200,"(1, 1, 5, 1)",0.0006,0.1267
Scenario 5,400,200,"(1, 1, 1, 5)",0.0005,0.0847
Scenario 1,400,300,"(1, 1, 1, 1)",0.0005,0.1135
Scenario 2,400,300,"(5, 1, 1, 1)",0.0010,0.1184
Scenario 3,400,300,"(1, 5, 1, 1)",0.0004,0.1196
Scenario 4,400,300,"(1, 1, 5, 1)",0.0004,0.1224
Scenario 5,400,300,"(1, 1, 1, 5)",0.0006,0.1188
Scenario 1,400,400,"(1, 1, 1, 1)",0.0010,0.1654
Scenario 2,400,400,"(5, 1, 1, 1)",0.0017,0.2545
Scenario 3,400,400,"(1, 5, 1, 1)",0.0007,0.1602
Scenario 4,400,400,"(1, 1, 5, 1)",0.0009,0.2340
Scenario 5,400,400,"(1, 1, 1, 5)",0.0011,0.1777
Scenario 1,400,500,"(1, 1, 1, 1)",0.0010,0.1829
Scenario 2,400,500,"(5, 1, 1, 1)",0.0012,0.1646
Scenario 3,400,500,"(1, 5, 1, 1)",0.0006,0.1765
Scenario 4,400,500,"(1, 1, 5, 1)",0.0007,0.1820
Scenario 5,400,500,"(1, 1, 1, 5)",0.0011,0.1767
Scenario 1,400,600,"(1, 1, 1, 1)",0.0009,0.1986
Scenario 2,400,600,"(5, 1, 1, 1)",0.0014,0.1926
Scenario 3,400,600,"(1, 5, 1, 1)",0.0007,0.2124
Scenario 4,400,600,"(1, 1, 5, 1)",0.0007,0.2115
Scenario 5,400,600,"(1, 1, 1, 5)",0.0015,0.2466
Scenario 1,400,700,"(1, 1, 1, 1)",0.0011,0.2330
Scenario 2,400,700,"(5, 1, 1, 1)",0.0015,0.2279
Scenario 3,400,700,"(1, 5, 1, 1)",0.0009,0.2380
Scenario 4,400,700,"(1, 1, 5, 1)",0.0008,0.2439
Scenario 5,400,700,"(1, 1, 1, 5)",0.0010,0.2361
Scenario 1,400,800,"(1, 1, 1, 1)",0.0012,0.2627
Scenario 2,400,800,"(5, 1, 1, 1)",0.0017,0.2645
Scenario 3,400,800,"(1, 5, 1, 1)",0.0008,0.2664
Scenario 4,400,800,"(1, 1, 5, 1)",0.0009,0.2684
Scenario 5,400,800,"(1, 1, 1, 5)",0.0012,0.2670
Scenario 1,400,900,"(1, 1, 1, 1)",0.0013,0.2907
Scenario 2,400,900,"(5, 1, 1, 1)",0.0019,0.2991
Scenario 3,400,900,"(1, 5, 1, 1)",0.0009,0.3015
Scenario 4,400,900,"(1, 1, 5, 1)",0.0008,0.3002
Scenario 5,400,900,"(1, 1, 1, 5)",0.0012,0.2994
Scenario 1,400,1000,"(1, 1, 1, 1)",0.0020,0.3567
Scenario 2,400,1000,"(5, 1, 1, 1)",0.0029,0.3785
Scenario 3,400,1000,"(1, 5, 1, 1)",0.0013,0.3483
Scenario 4,400,1000,"(1, 1, 5, 1)",0.0011,0.3427
Scenario 5,400,1000,"(1, 1, 1, 5)",0.0017,0.3459
Scenario 1,400,2000,"(1, 1, 1, 1)",0.0038,0.6972
Scenario 2,400,2000,"(5, 1, 1, 1)",0.0056,0.9758
Scenario 3,400,2000,"(1, 5, 1, 1)",0.0029,0.7257
Scenario 4,400,2000,"(1, 1, 5, 1)",0.0029,0.7207
Scenario 5,400,2000,"(1, 1, 1, 5)",0.0044,0.7394
Scenario 1,400,3000,"(1, 1, 1, 1)",0.0060,1.1361
Scenario 2,400,3000,"(5, 1, 1, 1)",0.0083,1.8364
Scenario 3,400,3000,"(1, 5, 1, 1)",0.0042,1.0480
Scenario 4,400,3000,"(1, 1, 5, 1)",0.0039,1.0246
Scenario 5,400,3000,"(1, 1, 1, 5)",0.0057,1.0051
Scenario 1,400,4000,"(1, 1, 1, 1)",0.0099,1.9153
Scenario 2,400,4000,"(5, 1, 1, 1)",0.0132,3.2507
Scenario 3,400,4000,"(1, 5, 1, 1)",0.0056,1.4064
Scenario 4,400,4000,"(1, 1, 5, 1)",0.0057,1.3718
Scenario 5,400,4000,"(1, 1, 1, 5)",0.0072,1.3183
Scenario 1,400,5000,"(1, 1, 1, 1)",0.0094,2.3870
Scenario 2,400,5000,"(5, 1, 1, 1)",0.0158,4.7534
Scenario 3,400,5000,"(1, 5, 1, 1)",0.0069,1.8006
Scenario 4,400,5000,"(1, 1, 5, 1)",0.0078,1.9866
Scenario 5,400,5000,"(1, 1, 1, 5)",0.0115,1.8367
Scenario 1,500,10,"(1, 1, 1, 1)",0.0000,0.0043
Scenario 2,500,10,"(5, 1, 1, 1)",0.0000,0.0043
Scenario 3,500,10,"(1, 5, 1, 1)",0.0000,0.0042
Scenario 4,500,10,"(1, 1, 5, 1)",0.0000,0.0038
Scenario 5,500,10,"(1, 1, 1, 5)",0.0000,0.0044
Scenario 1,500,50,"(1, 1, 1, 1)",0.0001,0.0226
Scenario 2,500,50,"(5, 1, 1, 1)",0.0001,0.0202
Scenario 3,500,50,"(1, 5, 1, 1)",0.0000,0.0191
Scenario 4,500,50,"(1, 1, 5, 1)",0.0001,0.0212
Scenario 5,500,50,"(1, 1, 1, 5)",0.0001,0.0195
Scenario 1,500,100,"(1, 1, 1, 1)",0.0001,0.0397
Scenario 2,500,100,"(5, 1, 1, 1)",0.0002,0.0397
Scenario 3,500,100,"(1, 5, 1, 1)",0.0001,0.0373
Scenario 4,500,100,"(1, 1, 5, 1)",0.0001,0.0395
Scenario 5,500,100,"(1, 1, 1, 5)",0.0002,0.0462
Scenario 1,500,200,"(1, 1, 1, 1)",0.0004,0.0928
Scenario 2,500,200,"(5, 1, 1, 1)",0.0006,0.0893
Scenario 3,500,200,"(1, 5, 1, 1)",0.0002,0.0875
Scenario 4,500,200,"(1, 1, 5, 1)",0.0003,0.0903
Scenario 5,500,200,"(1, 1, 1, 5)",0.0004,0.0885
Scenario 1,500,300,"(1, 1, 1, 1)",0.0004,0.1272
Scenario 2,500,300,"(5, 1, 1, 1)",0.0006,0.1254
Scenario 3,500,300,"(1, 5, 1, 1)",0.0005,0.1437
Scenario 4,500,300,"(1, 1, 5, 1)",0.0004,0.1305
Scenario 5,500,300,"(1, 1, 1, 5)",0.0005,0.1327
Scenario 1,500,400,"(1, 1, 1, 1)",0.0008,0.1737
Scenario 2,500,400,"(5, 1, 1, 1)",0.0008,0.1684
Scenario 3,500,400,"(1, 5, 1, 1)",0.0005,0.1648
Scenario 4,500,400,"(1, 1, 5, 1)",0.0003,0.1541
Scenario 5,500,400,"(1, 1, 1, 5)",0.0006,0.1601
Scenario 1,500,500,"(1, 1, 1, 1)",0.0006,0.2001
Scenario 2,500,500,"(5, 1, 1, 1)",0.0010,0.2151
Scenario 3,500,500,"(1, 5, 1, 1)",0.0011,0.3622
Scenario 4,500,500,"(1, 1, 5, 1)",0.0014,0.3647
Scenario 5,500,500,"(1, 1, 1, 5)",0.0015,0.2524
Scenario 1,500,600,"(1, 1, 1, 1)",0.0010,0.2584
Scenario 2,500,600,"(5, 1, 1, 1)",0.0017,0.2888
Scenario 3,500,600,"(1, 5, 1, 1)",0.0009,0.2574
Scenario 4,500,600,"(1, 1, 5, 1)",0.0008,0.2586
Scenario 5,500,600,"(1, 1, 1, 5)",0.0013,0.2744
Scenario 1,500,700,"(1, 1, 1, 1)",0.0014,0.3078
Scenario 2,500,700,"(5, 1, 1, 1)",0.0014,0.2886
Scenario 3,500,700,"(1, 5, 1, 1)",0.0008,0.3017
Scenario 4,500,700,"(1, 1, 5, 1)",0.0008,0.2929
Scenario 5,500,700,"(1, 1, 1, 5)",0.0010,0.2786
Scenario 1,500,800,"(1, 1, 1, 1)",0.0015,0.3502
Scenario 2,500,800,"(5, 1, 1, 1)",0.0023,0.3653
Scenario 3,500,800,"(1, 5, 1, 1)",0.0010,0.3418
Scenario 4,500,800,"(1, 1, 5, 1)",0.0012,0.3569
Scenario 5,500,800,"(1, 1, 1, 5)",0.0017,0.3576
Scenario 1,500,900,"(1, 1, 1, 1)",0.0015,0.3937
Scenario 2,500,900,"(5, 1, 1, 1)",0.0023,0.3974
Scenario 3,500,900,"(1, 5, 1, 1)",0.0010,0.3692
Scenario 4,500,900,"(1, 1, 5, 1)",0.0012,0.3901
Scenario 5,500,900,"(1, 1, 1, 5)",0.0014,0.3755
Scenario 1,500,1000,"(1, 1, 1, 1)",0.0022,0.4864
Scenario 2,500,1000,"(5, 1, 1, 1)",0.0031,0.4882
Scenario 3,500,1000,"(1, 5, 1, 1)",0.0014,0.4244
Scenario 4,500,1000,"(1, 1, 5, 1)",0.0016,0.4505
Scenario 5,500,1000,"(1, 1, 1, 5)",0.0017,0.4134
Scenario 1,500,2000,"(1, 1, 1, 1)",0.0043,0.9154
Scenario 2,500,2000,"(5, 1, 1, 1)",0.0060,1.1291
Scenario 3,500,2000,"(1, 5, 1, 1)",0.0030,0.9030
Scenario 4,500,2000,"(1, 1, 5, 1)",0.0027,0.8784
Scenario 5,500,2000,"(1, 1, 1, 5)",0.0045,1.0320
Scenario 1,500,3000,"(1, 1, 1, 1)",0.0050,1.3548
Scenario 2,500,3000,"(5, 1, 1, 1)",0.0080,1.9744
Scenario 3,500,3000,"(1, 5, 1, 1)",0.0039,1.3244
Scenario 4,500,3000,"(1, 1, 5, 1)",0.0039,1.3469
Scenario 5,500,3000,"(1, 1, 1, 5)",0.0054,1.2791
Scenario 1,500,4000,"(1, 1, 1, 1)",0.0067,1.8555
Scenario 2,500,4000,"(5, 1, 1, 1)",0.0117,3.3874
Scenario 3,500,4000,"(1, 5, 1, 1)",0.0054,1.8800
Scenario 4,500,4000,"(1, 1, 5, 1)",0.0058,1.9247
Scenario 5,500,4000,"(1, 1, 1, 5)",0.0095,1.9068
Scenario 1,500,5000,"(1, 1, 1, 1)",0.0117,2.9665
Scenario 2,500,5000,"(5, 1, 1, 1)",0.0168,5.2117
Scenario 3,500,5000,"(1, 5, 1, 1)",0.0079,2.3910
Scenario 4,500,5000,"(1, 1, 5, 1)",0.0094,2.6400
Scenario 5,500,5000,"(1, 1, 1, 5)",0.0119,2.3267
Scenario 1,600,10,"(1, 1, 1, 1)",0.0000,0.0045
Scenario 2,600,10,"(5, 1, 1, 1)",0.0000,0.0066
Scenario 3,600,10,"(1, 5, 1, 1)",0.0000,0.0047
Scenario 4,600,10,"(1, 1, 5, 1)",0.0000,0.0044
Scenario 5,600,10,"(1, 1, 1, 5)",0.0000,0.0044
Scenario 1,600,50,"(1, 1, 1, 1)",0.0001,0.0222
Scenario 2,600,50,"(5, 1, 1, 1)",0.0001,0.0229
Scenario 3,600,50,"(1, 5, 1, 1)",0.0000,0.0220
Scenario 4,600,50,"(1, 1, 5, 1)",0.0000,0.0216
Scenario 5,600,50,"(1, 1, 1, 5)",0.0001,0.0226
Scenario 1,600,100,"(1, 1, 1, 1)",0.0002,0.0461
Scenario 2,600,100,"(5, 1, 1, 1)",0.0002,0.0477
Scenario 3,600,100,"(1, 5, 1, 1)",0.0001,0.0540
Scenario 4,600,100,"(1, 1, 5, 1)",0.0001,0.0495
Scenario 5,600,100,"(1, 1, 1, 5)",0.0002,0.0499
Scenario 1,600,200,"(1, 1, 1, 1)",0.0003,0.0993
Scenario 2,600,200,"(5, 1, 1, 1)",0.0008,0.1059
Scenario 3,600,200,"(1, 5, 1, 1)",0.0002,0.0950
Scenario 4,600,200,"(1, 1, 5, 1)",0.0004,0.1273
Scenario 5,600,200,"(1, 1, 1, 5)",0.0004,0.1199
Scenario 1,600,300,"(1, 1, 1, 1)",0.0007,0.1603
Scenario 2,600,300,"(5, 1, 1, 1)",0.0008,0.1694
Scenario 3,600,300,"(1, 5, 1, 1)",0.0004,0.1530
Scenario 4,600,300,"(1, 1, 5, 1)",0.0003,0.1460
Scenario 5,600,300,"(1, 1, 1, 5)",0.0006,0.1537
Scenario 1,600,400,"(1, 1, 1, 1)",0.0006,0.1923
Scenario 2,600,400,"(5, 1, 1, 1)",0.0008,0.1958
Scenario 3,600,400,"(1, 5, 1, 1)",0.0005,0.1874
Scenario 4,600,400,"(1, 1, 5, 1)",0.0004,0.1862
Scenario 5,600,400,"(1, 1, 1, 5)",0.0005,0.1826
Scenario 1,600,500,"(1, 1, 1, 1)",0.0007,0.2377
Scenario 2,600,500,"(5, 1, 1, 1)",0.0014,0.3006
Scenario 3,600,500,"(1, 5, 1, 1)",0.0006,0.2602
Scenario 4,600,500,"(1, 1, 5, 1)",0.0006,0.2420
Scenario 5,600,500,"(1, 1, 1, 5)",0.0010,0.2547
Scenario 1,600,600,"(1, 1, 1, 1)",0.0011,0.2963
Scenario 2,600,600,"(5, 1, 1, 1)",0.0017,0.3278
Scenario 3,600,600,"(1, 5, 1, 1)",0.0010,0.3457
Scenario 4,600,600,"(1, 1, 5, 1)",0.0014,0.5203
Scenario 5,600,600,"(1, 1, 1, 5)",0.0012,0.2894
Scenario 1,600,700,"(1, 1, 1, 1)",0.0010,0.3374
Scenario 2,600,700,"(5, 1, 1, 1)",0.0019,0.3771
Scenario 3,600,700,"(1, 5, 1, 1)",0.0007,0.3432
Scenario 4,600,700,"(1, 1, 5, 1)",0.0007,0.3439
Scenario 5,600,700,"(1, 1, 1, 5)",0.0014,0.3580
Scenario 1,600,800,"(1, 1, 1, 1)",0.0015,0.4212
Scenario 2,600,800,"(5, 1, 1, 1)",0.0024,0.4592
Scenario 3,600,800,"(1, 5, 1, 1)",0.0008,0.3898
Scenario 4,600,800,"(1, 1, 5, 1)",0.0011,0.4130
Scenario 5,600,800,"(1, 1, 1, 5)",0.0016,0.4163
Scenario 1,600,900,"(1, 1, 1, 1)",0.0018,0.4642
Scenario 2,600,900,"(5, 1, 1, 1)",0.0025,0.5215
Scenario 3,600,900,"(1, 5, 1, 1)",0.0014,0.4731
Scenario 4,600,900,"(1, 1, 5, 1)",0.0011,0.4525
Scenario 5,600,900,"(1, 1, 1, 5)",0.0018,0.4484
Scenario 1,600,1000,"(1, 1, 1, 1)",0.0020,0.5221
Scenario 2,600,1000,"(5, 1, 1, 1)",0.0027,0.5548
Scenario 3,600,1000,"(1, 5, 1, 1)",0.0011,0.4895
Scenario 4,600,1000,"(1, 1, 5, 1)",0.0011,0.4751
Scenario 5,600,1000,"(1, 1, 1, 5)",0.0015,0.4801
Scenario 1,600,2000,"(1, 1, 1, 1)",0.0036,1.0642
Scenario 2,600,2000,"(5, 1, 1, 1)",0.0051,1.2282
Scenario 3,600,2000,"(1, 5, 1, 1)",0.0025,1.0259
Scenario 4,600,2000,"(1, 1, 5, 1)",0.0028,1.0420
Scenario 5,600,2000,"(1, 1, 1, 5)",0.0039,1.0362
Scenario 1,600,3000,"(1, 1, 1, 1)",0.0061,1.7223
Scenario 2,600,3000,"(5, 1, 1, 1)",0.0092,2.2549
Scenario 3,600,3000,"(1, 5, 1, 1)",0.0046,1.8703
Scenario 4,600,3000,"(1, 1, 5, 1)",0.0045,1.6747
Scenario 5,600,3000,"(1, 1, 1, 5)",0.0066,1.6970
Scenario 1,600,4000,"(1, 1, 1, 1)",0.0090,2.4042
Scenario 2,600,4000,"(5, 1, 1, 1)",0.0106,3.5460
Scenario 3,600,4000,"(1, 5, 1, 1)",0.0063,2.2712
Scenario 4,600,4000,"(1, 1, 5, 1)",0.0062,2.2676
Scenario 5,600,4000,"(1, 1, 1, 5)",0.0083,2.1735
Scenario 1,600,5000,"(1, 1, 1, 1)",0.0114,3.3988
Scenario 2,600,5000,"(5, 1, 1, 1)",0.0155,5.2864
Scenario 3,600,5000,"(1, 5, 1, 1)",0.0071,2.8666
Scenario 4,600,5000,"(1, 1, 5, 1)",0.0071,2.8009
Scenario 5,600,5000,"(1, 1, 1, 5)",0.0103,2.8120
Scenario 1,700,10,"(1, 1, 1, 1)",0.0000,0.0064
Scenario 2,700,10,"(5, 1, 1, 1)",0.0000,0.0055
Scenario 3,700,10,"(1, 5, 1, 1)",0.0000,0.0061
Scenario 4,700,10,"(1, 1, 5, 1)",0.0000,0.0061
Scenario 5,700,10,"(1, 1, 1, 5)",0.0000,0.0055
Scenario 1,700,50,"(1, 1, 1, 1)",0.0001,0.0274
Scenario 2,700,50,"(5, 1, 1, 1)",0.0001,0.0268
Scenario 3,700,50,"(1, 5, 1, 1)",0.0001,0.0275
Scenario 4,700,50,"(1, 1, 5, 1)",0.0000,0.0258
Scenario 5,700,50,"(1, 1, 1, 5)",0.0001,0.0291
Scenario 1,700,100,"(1, 1, 1, 1)",0.0001,0.0559
Scenario 2,700,100,"(5, 1, 1, 1)",0.0003,0.0564
Scenario 3,700,100,"(1, 5, 1, 1)",0.0001,0.0556
Scenario 4,700,100,"(1, 1, 5, 1)",0.0001,0.0557
Scenario 5,700,100,"(1, 1, 1, 5)",0.0001,0.0563
Scenario 1,700,200,"(1, 1, 1, 1)",0.0003,0.1072
Scenario 2,700,200,"(5, 1, 1, 1)",0.0004,0.1084
Scenario 3,700,200,"(1, 5, 1, 1)",0.0003,0.1143
Scenario 4,700,200,"(1, 1, 5, 1)",0.0002,0.1090
Scenario 5,700,200,"(1, 1, 1, 5)",0.0004,0.1195
Scenario 1,700,300,"(1, 1, 1, 1)",0.0005,0.1731
Scenario 2,700,300,"(5, 1, 1, 1)",0.0009,0.1866
Scenario 3,700,300,"(1, 5, 1, 1)",0.0005,0.1767
Scenario 4,700,300,"(1, 1, 5, 1)",0.0003,0.1633
Scenario 5,700,300,"(1, 1, 1, 5)",0.0005,0.1622
Scenario 1,700,400,"(1, 1, 1, 1)",0.0007,0.2324
Scenario 2,700,400,"(5, 1, 1, 1)",0.0010,0.2301
Scenario 3,700,400,"(1, 5, 1, 1)",0.0004,0.2163
Scenario 4,700,400,"(1, 1, 5, 1)",0.0005,0.2219
Scenario 5,700,400,"(1, 1, 1, 5)",0.0006,0.2247
Scenario 1,700,500,"(1, 1, 1, 1)",0.0008,0.2728
Scenario 2,700,500,"(5, 1, 1, 1)",0.0013,0.2916
Scenario 3,700,500,"(1, 5, 1, 1)",0.0006,0.2779
Scenario 4,700,500,"(1, 1, 5, 1)",0.0007,0.2906
Scenario 5,700,500,"(1, 1, 1, 5)",0.0017,0.4462
Scenario 1,700,600,"(1, 1, 1, 1)",0.0011,0.3545
Scenario 2,700,600,"(5, 1, 1, 1)",0.0014,0.3468
Scenario 3,700,600,"(1, 5, 1, 1)",0.0007,0.3227
Scenario 4,700,600,"(1, 1, 5, 1)",0.0007,0.3382
Scenario 5,700,600,"(1, 1, 1, 5)",0.0011,0.3325
Scenario 1,700,700,"(1, 1, 1, 1)",0.0015,0.4200
Scenario 2,700,700,"(5, 1, 1, 1)",0.0020,0.4316
Scenario 3,700,700,"(1, 5, 1, 1)",0.0010,0.4073
Scenario 4,700,700,"(1, 1, 5, 1)",0.0011,0.4069
Scenario 5,700,700,"(1, 1, 1, 5)",0.0014,0.3930
Scenario 1,700,800,"(1, 1, 1, 1)",0.0019,0.4920
Scenario 2,700,800,"(5, 1, 1, 1)",0.0022,0.4996
Scenario 3,700,800,"(1, 5, 1, 1)",0.0011,0.4579
Scenario 4,700,800,"(1, 1, 5, 1)",0.0011,0.4623
Scenario 5,700,800,"(1, 1, 1, 5)",0.0015,0.4656
Scenario 1,700,900,"(1, 1, 1, 1)",0.0017,0.5192
Scenario 2,700,900,"(5, 1, 1, 1)",0.0027,0.5593
Scenario 3,700,900,"(1, 5, 1, 1)",0.0010,0.4989
Scenario 4,700,900,"(1, 1, 5, 1)",0.0012,0.5268
Scenario 5,700,900,"(1, 1, 1, 5)",0.0017,0.5099
Scenario 1,700,1000,"(1, 1, 1, 1)",0.0020,0.6020
Scenario 2,700,1000,"(5, 1, 1, 1)",0.0029,0.6247
Scenario 3,700,1000,"(1, 5, 1, 1)",0.0013,0.5802
Scenario 4,700,1000,"(1, 1, 5, 1)",0.0013,0.5774
Scenario 5,700,1000,"(1, 1, 1, 5)",0.0021,0.5781
Scenario 1,700,2000,"(1, 1, 1, 1)",0.0038,1.2094
Scenario 2,700,2000,"(5, 1, 1, 1)",0.0063,1.4280
Scenario 3,700,2000,"(1, 5, 1, 1)",0.0031,1.1972
Scenario 4,700,2000,"(1, 1, 5, 1)",0.0029,1.1944
Scenario 5,700,2000,"(1, 1, 1, 5)",0.0064,1.5673
Scenario 1,700,3000,"(1, 1, 1, 1)",0.0098,2.3843
Scenario 2,700,3000,"(5, 1, 1, 1)",0.0108,2.6641
Scenario 3,700,3000,"(1, 5, 1, 1)",0.0049,1.9097
Scenario 4,700,3000,"(1, 1, 5, 1)",0.0040,1.8179
Scenario 5,700,3000,"(1, 1, 1, 5)",0.0070,1.8348
Scenario 1,700,4000,"(1, 1, 1, 1)",0.0090,2.6578
Scenario 2,700,4000,"(5, 1, 1, 1)",0.0125,3.9744
Scenario 3,700,4000,"(1, 5, 1, 1)",0.0059,2.6155
Scenario 4,700,4000,"(1, 1, 5, 1)",0.0068,2.5113
Scenario 5,700,4000,"(1, 1, 1, 5)",0.0093,2.4980
Scenario 1,700,5000,"(1, 1, 1, 1)",0.0116,3.5566
Scenario 2,700,5000,"(5, 1, 1, 1)",0.0136,5.9058
Scenario 3,700,5000,"(1, 5, 1, 1)",0.0089,3.3970
Scenario 4,700,5000,"(1, 1, 5, 1)",0.0084,3.3590
Scenario 5,700,5000,"(1, 1, 1, 5)",0.0125,3.1334
Scenario 1,800,10,"(1, 1, 1, 1)",0.0001,0.0082
Scenario 2,800,10,"(5, 1, 1, 1)",0.0000,0.0062
Scenario 3,800,10,"(1, 5, 1, 1)",0.0000,0.0064
Scenario 4,800,10,"(1, 1, 5, 1)",0.0000,0.0066
Scenario 5,800,10,"(1, 1, 1, 5)",0.0001,0.0098
Scenario 1,800,50,"(1, 1, 1, 1)",0.0001,0.0333
Scenario 2,800,50,"(5, 1, 1, 1)",0.0001,0.0332
Scenario 3,800,50,"(1, 5, 1, 1)",0.0001,0.0338
Scenario 4,800,50,"(1, 1, 5, 1)",0.0001,0.0337
Scenario 5,800,50,"(1, 1, 1, 5)",0.0001,0.0340
Scenario 1,800,100,"(1, 1, 1, 1)",0.0002,0.0716
Scenario 2,800,100,"(5, 1, 1, 1)",0.0002,0.0693
Scenario 3,800,100,"(1, 5, 1, 1)",0.0001,0.0682
Scenario 4,800,100,"(1, 1, 5, 1)",0.0001,0.0678
Scenario 5,800,100,"(1, 1, 1, 5)",0.0002,0.0700
Scenario 1,800,200,"(1, 1, 1, 1)",0.0004,0.1454
Scenario 2,800,200,"(5, 1, 1, 1)",0.0006,0.1568
Scenario 3,800,200,"(1, 5, 1, 1)",0.0002,0.1327
Scenario 4,800,200,"(1, 1, 5, 1)",0.0002,0.1316
Scenario 5,800,200,"(1, 1, 1, 5)",0.0003,0.1287
Scenario 1,800,300,"(1, 1, 1, 1)",0.0006,0.2028
Scenario 2,800,300,"(5, 1, 1, 1)",0.0008,0.2048
Scenario 3,800,300,"(1, 5, 1, 1)",0.0004,0.1974
Scenario 4,800,300,"(1, 1, 5, 1)",0.0004,0.2079
Scenario 5,800,300,"(1, 1, 1, 5)",0.0006,0.1996
Scenario 1,800,400,"(1, 1, 1, 1)",0.0007,0.2812
Scenario 2,800,400,"(5, 1, 1, 1)",0.0016,0.3489
Scenario 3,800,400,"(1, 5, 1, 1)",0.0006,0.2722
Scenario 4,800,400,"(1, 1, 5, 1)",0.0004,0.2697
Scenario 5,800,400,"(1, 1, 1, 5)",0.0008,0.2767
Scenario 1,800,500,"(1, 1, 1, 1)",0.0011,0.3563
Scenario 2,800,500,"(5, 1, 1, 1)",0.0014,0.3538
Scenario 3,800,500,"(1, 5, 1, 1)",0.0006,0.3285
Scenario 4,800,500,"(1, 1, 5, 1)",0.0007,0.3333
Scenario 5,800,500,"(1, 1, 1, 5)",0.0009,0.3249
Scenario 1,800,600,"(1, 1, 1, 1)",0.0012,0.4170
Scenario 2,800,600,"(5, 1, 1, 1)",0.0018,0.4477
Scenario 3,800,600,"(1, 5, 1, 1)",0.0008,0.4157
Scenario 4,800,600,"(1, 1, 5, 1)",0.0009,0.4127
Scenario 5,800,600,"(1, 1, 1, 5)",0.0014,0.4016
Scenario 1,800,700,"(1, 1, 1, 1)",0.0014,0.4982
Scenario 2,800,700,"(5, 1, 1, 1)",0.0017,0.4881
Scenario 3,800,700,"(1, 5, 1, 1)",0.0008,0.4574
Scenario 4,800,700,"(1, 1, 5, 1)",0.0010,0.4706
Scenario 5,800,700,"(1, 1, 1, 5)",0.0011,0.4581
Scenario 1,800,800,"(1, 1, 1, 1)",0.0018,0.5983
Scenario 2,800,800,"(5, 1, 1, 1)",0.0020,0.5541
Scenario 3,800,800,"(1, 5, 1, 1)",0.0012,0.5456
Scenario 4,800,800,"(1, 1, 5, 1)",0.0010,0.5357
Scenario 5,800,800,"(1, 1, 1, 5)",0.0015,0.5422
Scenario 1,800,900,"(1, 1, 1, 1)",0.0014,0.5929
Scenario 2,800,900,"(5, 1, 1, 1)",0.0026,0.6362
Scenario 3,800,900,"(1, 5, 1, 1)",0.0016,0.7918
Scenario 4,800,900,"(1, 1, 5, 1)",0.0014,0.6243
Scenario 5,800,900,"(1, 1, 1, 5)",0.0018,0.6136
Scenario 1,800,1000,"(1, 1, 1, 1)",0.0018,0.7063
Scenario 2,800,1000,"(5, 1, 1, 1)",0.0029,0.7038
Scenario 3,800,1000,"(1, 5, 1, 1)",0.0016,0.7188
Scenario 4,800,1000,"(1, 1, 5, 1)",0.0013,0.7019
Scenario 5,800,1000,"(1, 1, 1, 5)",0.0019,0.6887
Scenario 1,800,2000,"(1, 1, 1, 1)",0.0047,1.4973
Scenario 2,800,2000,"(5, 1, 1, 1)",0.0063,1.5554
Scenario 3,800,2000,"(1, 5, 1, 1)",0.0030,1.4157
Scenario 4,800,2000,"(1, 1, 5, 1)",0.0029,1.4278
Scenario 5,800,2000,"(1, 1, 1, 5)",0.0043,1.4265
Scenario 1,800,3000,"(1, 1, 1, 1)",0.0066,2.2105
Scenario 2,800,3000,"(5, 1, 1, 1)",0.0095,2.7194
Scenario 3,800,3000,"(1, 5, 1, 1)",0.0061,2.1295
Scenario 4,800,3000,"(1, 1, 5, 1)",0.0052,2.3733
Scenario 5,800,3000,"(1, 1, 1, 5)",0.0066,2.1689
Scenario 1,800,4000,"(1, 1, 1, 1)",0.0076,2.8410
Scenario 2,800,4000,"(5, 1, 1, 1)",0.0111,3.9993
Scenario 3,800,4000,"(1, 5, 1, 1)",0.0061,2.8674
Scenario 4,800,4000,"(1, 1, 5, 1)",0.0057,2.8682
Scenario 5,800,4000,"(1, 1, 1, 5)",0.0106,3.1087
Scenario 1,800,5000,"(1, 1, 1, 1)",0.0107,3.8311
Scenario 2,800,5000,"(5, 1, 1, 1)",0.0170,6.2214
Scenario 3,800,5000,"(1, 5, 1, 1)",0.0084,3.8009
Scenario 4,800,5000,"(1, 1, 5, 1)",0.0075,3.6197
Scenario 5,800,5000,"(1, 1, 1, 5)",0.0152,4.2781
Scenario 1,900,10,"(1, 1, 1, 1)",0.0000,0.0072
Scenario 2,900,10,"(5, 1, 1, 1)",0.0000,0.0090
Scenario 3,900,10,"(1, 5, 1, 1)",0.0000,0.0073
Scenario 4,900,10,"(1, 1, 5, 1)",0.0000,0.0072
Scenario 5,900,10,"(1, 1, 1, 5)",0.0000,0.0072
Scenario 1,900,50,"(1, 1, 1, 1)",0.0001,0.0378
Scenario 2,900,50,"(5, 1, 1, 1)",0.0001,0.0382
Scenario 3,900,50,"(1, 5, 1, 1)",0.0001,0.0349
Scenario 4,900,50,"(1, 1, 5, 1)",0.0001,0.0383
Scenario 5,900,50,"(1, 1, 1, 5)",0.0001,0.0355
Scenario 1,900,100,"(1, 1, 1, 1)",0.0001,0.0683
Scenario 2,900,100,"(5, 1, 1, 1)",0.0003,0.0837
Scenario 3,900,100,"(1, 5, 1, 1)",0.0001,0.0750
Scenario 4,900,100,"(1, 1, 5, 1)",0.0001,0.0721
Scenario 5,900,100,"(1, 1, 1, 5)",0.0003,0.0769
Scenario 1,900,200,"(1, 1, 1, 1)",0.0004,0.1681
Scenario 2,900,200,"(5, 1, 1, 1)",0.0005,0.1532
Scenario 3,900,200,"(1, 5, 1, 1)",0.0002,0.1411
Scenario 4,900,200,"(1, 1, 5, 1)",0.0002,0.1447
Scenario 5,900,200,"(1, 1, 1, 5)",0.0004,0.1448
Scenario 1,900,300,"(1, 1, 1, 1)",0.0005,0.2228
Scenario 2,900,300,"(5, 1, 1, 1)",0.0009,0.2342
Scenario 3,900,300,"(1, 5, 1, 1)",0.0005,0.2304
Scenario 4,900,300,"(1, 1, 5, 1)",0.0004,0.2228
Scenario 5,900,300,"(1, 1, 1, 5)",0.0006,0.2268
Scenario 1,900,400,"(1, 1, 1, 1)",0.0006,0.2976
Scenario 2,900,400,"(5, 1, 1, 1)",0.0015,0.3391
Scenario 3,900,400,"(1, 5, 1, 1)",0.0005,0.2985
Scenario 4,900,400,"(1, 1, 5, 1)",0.0006,0.3053
Scenario 5,900,400,"(1, 1, 1, 5)",0.0011,0.3482
Scenario 1,900,500,"(1, 1, 1, 1)",0.0012,0.4381
Scenario 2,900,500,"(5, 1, 1, 1)",0.0015,0.4098
Scenario 3,900,500,"(1, 5, 1, 1)",0.0006,0.3719
Scenario 4,900,500,"(1, 1, 5, 1)",0.0006,0.3573
Scenario 5,900,500,"(1, 1, 1, 5)",0.0009,0.3641
Scenario 1,900,600,"(1, 1, 1, 1)",0.0014,0.4831
Scenario 2,900,600,"(5, 1, 1, 1)",0.0017,0.5054
Scenario 3,900,600,"(1, 5, 1, 1)",0.0009,0.4530
Scenario 4,900,600,"(1, 1, 5, 1)",0.0008,0.4553
Scenario 5,900,600,"(1, 1, 1, 5)",0.0013,0.4729
Scenario 1,900,700,"(1, 1, 1, 1)",0.0013,0.5385
Scenario 2,900,700,"(5, 1, 1, 1)",0.0017,0.5482
Scenario 3,900,700,"(1, 5, 1, 1)",0.0008,0.5070
Scenario 4,900,700,"(1, 1, 5, 1)",0.0008,0.4996
Scenario 5,900,700,"(1, 1, 1, 5)",0.0015,0.5231
Scenario 1,900,800,"(1, 1, 1, 1)",0.0020,0.6609
Scenario 2,900,800,"(5, 1, 1, 1)",0.0024,0.6709
Scenario 3,900,800,"(1, 5, 1, 1)",0.0011,0.6065
Scenario 4,900,800,"(1, 1, 5, 1)",0.0010,0.5881
Scenario 5,900,800,"(1, 1, 1, 5)",0.0019,0.6495
Scenario 1,900,900,"(1, 1, 1, 1)",0.0019,0.7142
Scenario 2,900,900,"(5, 1, 1, 1)",0.0026,0.7182
Scenario 3,900,900,"(1, 5, 1, 1)",0.0011,0.6756
Scenario 4,900,900,"(1, 1, 5, 1)",0.0016,0.9236
Scenario 5,900,900,"(1, 1, 1, 5)",0.0017,0.6782
Scenario 1,900,1000,"(1, 1, 1, 1)",0.0022,0.8155
Scenario 2,900,1000,"(5, 1, 1, 1)",0.0029,0.8225
Scenario 3,900,1000,"(1, 5, 1, 1)",0.0013,0.7377
Scenario 4,900,1000,"(1, 1, 5, 1)",0.0011,0.7432
Scenario 5,900,1000,"(1, 1, 1, 5)",0.0016,0.7146
Scenario 1,900,2000,"(1, 1, 1, 1)",0.0032,1.5136
Scenario 2,900,2000,"(5, 1, 1, 1)",0.0046,1.5678
Scenario 3,900,2000,"(1, 5, 1, 1)",0.0018,1.4240
Scenario 4,900,2000,"(1, 1, 5, 1)",0.0021,1.4448
Scenario 5,900,2000,"(1, 1, 1, 5)",0.0038,1.5185
Scenario 1,900,3000,"(1, 1, 1, 1)",0.0070,2.5072
Scenario 2,900,3000,"(5, 1, 1, 1)",0.0098,2.8814
Scenario 3,900,3000,"(1, 5, 1, 1)",0.0049,2.6102
Scenario 4,900,3000,"(1, 1, 5, 1)",0.0043,2.4272
Scenario 5,900,3000,"(1, 1, 1, 5)",0.0072,2.4849
Scenario 1,900,4000,"(1, 1, 1, 1)",0.0095,3.3796
Scenario 2,900,4000,"(5, 1, 1, 1)",0.0133,4.5161
Scenario 3,900,4000,"(1, 5, 1, 1)",0.0072,3.5728
Scenario 4,900,4000,"(1, 1, 5, 1)",0.0081,3.9320
Scenario 5,900,4000,"(1, 1, 1, 5)",0.0088,3.2229
Scenario 1,900,5000,"(1, 1, 1, 1)",0.0113,4.2813
Scenario 2,900,5000,"(5, 1, 1, 1)",0.0173,6.8979
Scenario 3,900,5000,"(1, 5, 1, 1)",0.0106,4.5636
Scenario 4,900,5000,"(1, 1, 5, 1)",0.0083,4.0866
Scenario 5,900,5000,"(1, 1, 1, 5)",0.0113,3.9647
Scenario 1,1000,10,"(1, 1, 1, 1)",0.0000,0.0075
Scenario 2,1000,10,"(5, 1, 1, 1)",0.0000,0.0078
Scenario 3,1000,10,"(1, 5, 1, 1)",0.0000,0.0080
Scenario 4,1000,10,"(1, 1, 5, 1)",0.0000,0.0075
Scenario 5,1000,10,"(1, 1, 1, 5)",0.0000,0.0073
Scenario 1,1000,50,"(1, 1, 1, 1)",0.0001,0.0399
Scenario 2,1000,50,"(5, 1, 1, 1)",0.0001,0.0401
Scenario 3,1000,50,"(1, 5, 1, 1)",0.0001,0.0412
Scenario 4,1000,50,"(1, 1, 5, 1)",0.0001,0.0385
Scenario 5,1000,50,"(1, 1, 1, 5)",0.0001,0.0398
Scenario 1,1000,100,"(1, 1, 1, 1)",0.0002,0.0830
Scenario 2,1000,100,"(5, 1, 1, 1)",0.0002,0.0793
Scenario 3,1000,100,"(1, 5, 1, 1)",0.0001,0.0811
Scenario 4,1000,100,"(1, 1, 5, 1)",0.0001,0.0811
Scenario 5,1000,100,"(1, 1, 1, 5)",0.0002,0.0796
Scenario 1,1000,200,"(1, 1, 1, 1)",0.0005,0.1640
Scenario 2,1000,200,"(5, 1, 1, 1)",0.0006,0.1683
Scenario 3,1000,200,"(1, 5, 1, 1)",0.0003,0.1652
Scenario 4,1000,200,"(1, 1, 5, 1)",0.0003,0.1628
Scenario 5,1000,200,"(1, 1, 1, 5)",0.0004,0.1602
Scenario 1,1000,300,"(1, 1, 1, 1)",0.0006,0.2528
Scenario 2,1000,300,"(5, 1, 1, 1)",0.0009,0.2594
Scenario 3,1000,300,"(1, 5, 1, 1)",0.0005,0.2510
Scenario 4,1000,300,"(1, 1, 5, 1)",0.0005,0.2519
Scenario 5,1000,300,"(1, 1, 1, 5)",0.0009,0.3142
Scenario 1,1000,400,"(1, 1, 1, 1)",0.0006,0.3217
Scenario 2,1000,400,"(5, 1, 1, 1)",0.0010,0.3399
Scenario 3,1000,400,"(1, 5, 1, 1)",0.0005,0.3156
Scenario 4,1000,400,"(1, 1, 5, 1)",0.0004,0.3178
Scenario 5,1000,400,"(1, 1, 1, 5)",0.0008,0.3216
Scenario 1,1000,500,"(1, 1, 1, 1)",0.0008,0.4058
Scenario 2,1000,500,"(5, 1, 1, 1)",0.0013,0.4221
Scenario 3,1000,500,"(1, 5, 1, 1)",0.0007,0.4128
Scenario 4,1000,500,"(1, 1, 5, 1)",0.0006,0.4080
Scenario 5,1000,500,"(1, 1, 1, 5)",0.0011,0.4105
Scenario 1,1000,600,"(1, 1, 1, 1)",0.0012,0.5102
Scenario 2,1000,600,"(5, 1, 1, 1)",0.0020,0.5580
Scenario 3,1000,600,"(1, 5, 1, 1)",0.0010,0.5192
Scenario 4,1000,600,"(1, 1, 5, 1)",0.0008,0.5038
Scenario 5,1000,600,"(1, 1, 1, 5)",0.0012,0.4846
Scenario 1,1000,700,"(1, 1, 1, 1)",0.0010,0.5604
Scenario 2,1000,700,"(5, 1, 1, 1)",0.0016,0.5849
Scenario 3,1000,700,"(1, 5, 1, 1)",0.0012,0.7758
Scenario 4,1000,700,"(1, 1, 5, 1)",0.0008,0.5552
Scenario 5,1000,700,"(1, 1, 1, 5)",0.0012,0.5615
Scenario 1,1000,800,"(1, 1, 1, 1)",0.0011,0.6493
Scenario 2,1000,800,"(5, 1, 1, 1)",0.0026,0.7331
Scenario 3,1000,800,"(1, 5, 1, 1)",0.0013,0.6803
Scenario 4,1000,800,"(1, 1, 5, 1)",0.0012,0.6756
Scenario 5,1000,800,"(1, 1, 1, 5)",0.0016,0.6618
Scenario 1,1000,900,"(1, 1, 1, 1)",0.0017,0.7726
Scenario 2,1000,900,"(5, 1, 1, 1)",0.0024,0.7993
Scenario 3,1000,900,"(1, 5, 1, 1)",0.0014,0.7581
Scenario 4,1000,900,"(1, 1, 5, 1)",0.0012,0.7392
Scenario 5,1000,900,"(1, 1, 1, 5)",0.0014,0.7045
Scenario 1,1000,1000,"(1, 1, 1, 1)",0.0014,0.8056
Scenario 2,1000,1000,"(5, 1, 1, 1)",0.0026,0.8646
Scenario 3,1000,1000,"(1, 5, 1, 1)",0.0012,0.7941
Scenario 4,1000,1000,"(1, 1, 5, 1)",0.0014,0.8453
Scenario 5,1000,1000,"(1, 1, 1, 5)",0.0020,0.8388
Scenario 1,1000,2000,"(1, 1, 1, 1)",0.0046,1.8756
Scenario 2,1000,2000,"(5, 1, 1, 1)",0.0061,1.8563
Scenario 3,1000,2000,"(1, 5, 1, 1)",0.0030,1.7566
Scenario 4,1000,2000,"(1, 1, 5, 1)",0.0036,1.9520
Scenario 5,1000,2000,"(1, 1, 1, 5)",0.0039,1.6537
Scenario 1,1000,3000,"(1, 1, 1, 1)",0.0063,2.6807
Scenario 2,1000,3000,"(5, 1, 1, 1)",0.0096,3.1138
Scenario 3,1000,3000,"(1, 5, 1, 1)",0.0033,2.4645
Scenario 4,1000,3000,"(1, 1, 5, 1)",0.0034,2.4704
Scenario 5,1000,3000,"(1, 1, 1, 5)",0.0064,2.6364
Scenario 1,1000,4000,"(1, 1, 1, 1)",0.0080,3.5270
Scenario 2,1000,4000,"(5, 1, 1, 1)",0.0112,4.6975
Scenario 3,1000,4000,"(1, 5, 1, 1)",0.0062,5.0860
Scenario 4,1000,4000,"(1, 1, 5, 1)",0.0073,4.6573
Scenario 5,1000,4000,"(1, 1, 1, 5)",0.0117,4.2283
Scenario 1,1000,5000,"(1, 1, 1, 1)",0.0136,5.2014
Scenario 2,1000,5000,"(5, 1, 1, 1)",0.0202,7.8303
Scenario 3,1000,5000,"(1, 5, 1, 1)",0.0096,5.1322
Scenario 4,1000,5000,"(1, 1, 5, 1)",0.0106,5.6160
Scenario 5,1000,5000,"(1, 1, 1, 5)",0.0130,4.7576
